stadium_name,location,date,latitude,longitude,temperature_2m_max,temperature_2m_min,rain_sum,snowfall_sum,wind_speed_10m_max,wind_gusts_10m_max,wind_direction_10m_dominant,weather_code
Acrisure Stadium,"Pittsburgh, Pennsylvania",2024-05-16 00:00:00+00:00,40.44511795043945,-80.00576782226562,76.18550109863281,60.345497131347656,0.0,0.0,7.934257507324219,15.211600303649902,341.7499694824219,45.0
Acrisure Stadium,"Pittsburgh, Pennsylvania",2024-05-17 00:00:00+00:00,40.44511795043945,-80.00576782226562,72.04550170898438,59.175498962402344,0.4094488322734833,0.0,11.388944625854492,23.264799118041992,196.55709838867188,65.0
Acrisure Stadium,"Pittsburgh, Pennsylvania",2024-05-18 00:00:00+00:00,40.44511795043945,-80.00576782226562,68.71549987792969,62.05550003051758,0.10826771706342697,0.0,6.327191352844238,14.540499687194824,133.65745544433594,53.0
Acrisure Stadium,"Pittsburgh, Pennsylvania",2024-05-19 00:00:00+00:00,40.44511795043945,-80.00576782226562,70.90789794921875,58.66790008544922,0.0,0.0,10.427875518798828,18.79079818725586,104.50575256347656,3.0
Acrisure Stadium,"Pittsburgh, Pennsylvania",2024-05-20 00:00:00+00:00,40.44511795043945,-80.00576782226562,74.50789642333984,54.52790069580078,0.0,0.0,10.798015594482422,24.15960121154785,115.96576690673828,3.0
Acrisure Stadium,"Pittsburgh, Pennsylvania",2024-05-21 00:00:00+00:00,40.44511795043945,-80.00576782226562,80.35789489746094,54.16790008544922,0.0,0.0,8.68693733215332,25.054399490356445,134.32608032226562,2.0
Acrisure Stadium,"Pittsburgh, Pennsylvania",2024-05-22 00:00:00+00:00,40.44511795043945,-80.00576782226562,70.90789794921875,59.83789825439453,0.029527559876441956,0.0,10.321762084960938,30.423200607299805,196.57150268554688,96.0
Allegiant Stadium,"Paradise, Nevada",2024-05-16 00:00:00+00:00,36.10116958618164,-115.19671630859375,94.90190124511719,69.34190368652344,0.0,0.0,19.208263397216797,31.09429931640625,49.56194305419922,0.0
Allegiant Stadium,"Paradise, Nevada",2024-05-17 00:00:00+00:00,36.10116958618164,-115.19671630859375,98.14190673828125,72.40190124511719,0.0,0.0,14.021903038024902,18.119701385498047,207.74005126953125,0.0
Allegiant Stadium,"Paradise, Nevada",2024-05-18 00:00:00+00:00,36.10116958618164,-115.19671630859375,96.0718994140625,68.80189514160156,0.0,0.0,20.889318466186523,25.054399490356445,215.51002502441406,3.0
Allegiant Stadium,"Paradise, Nevada",2024-05-19 00:00:00+00:00,36.10116958618164,-115.19671630859375,91.56019592285156,74.28019714355469,0.0,0.0,27.30606460571289,32.8838996887207,225.34304809570312,0.0
Allegiant Stadium,"Paradise, Nevada",2024-05-20 00:00:00+00:00,36.10116958618164,-115.19671630859375,90.66020202636719,73.74019622802734,0.0,0.0,25.549829483032227,31.31800079345703,214.20628356933594,3.0
Allegiant Stadium,"Paradise, Nevada",2024-05-21 00:00:00+00:00,36.10116958618164,-115.19671630859375,88.95020294189453,74.46019744873047,0.0,0.0,21.062278747558594,35.79199981689453,214.67025756835938,3.0
Allegiant Stadium,"Paradise, Nevada",2024-05-22 00:00:00+00:00,36.10116958618164,-115.19671630859375,89.94020080566406,77.70020294189453,0.0,0.0,24.41098976135254,17.00119972229004,219.9541473388672,3.0
Arrowhead Stadium,"Kansas City, Missouri",2024-05-16 00:00:00+00:00,39.05237579345703,-94.48385620117188,73.71590423583984,63.635902404785156,0.11417323350906372,0.0,11.813817024230957,17.672300338745117,201.1481170654297,63.0
Arrowhead Stadium,"Kansas City, Missouri",2024-05-17 00:00:00+00:00,39.05237579345703,-94.48385620117188,83.61589813232422,58.05590057373047,0.0,0.0,7.074015140533447,9.39539909362793,164.07591247558594,3.0
Arrowhead Stadium,"Kansas City, Missouri",2024-05-18 00:00:00+00:00,39.05237579345703,-94.48385620117188,81.51530456542969,63.365901947021484,0.0,0.0,6.770390510559082,13.869399070739746,185.8829345703125,0.0
Arrowhead Stadium,"Kansas City, Missouri",2024-05-19 00:00:00+00:00,39.05237579345703,-94.48385620117188,82.0552978515625,63.51530075073242,0.0,0.0,11.530861854553223,19.909299850463867,172.00177001953125,96.0
Arrowhead Stadium,"Kansas City, Missouri",2024-05-20 00:00:00+00:00,39.05237579345703,-94.48385620117188,80.61530303955078,63.15530014038086,0.2618109881877899,0.0,19.616844177246094,45.85850143432617,185.7703857421875,96.0
Arrowhead Stadium,"Kansas City, Missouri",2024-05-21 00:00:00+00:00,39.05237579345703,-94.48385620117188,77.91529846191406,65.49530029296875,0.017716536298394203,0.0,16.61565589904785,41.160797119140625,204.00128173828125,96.0
Arrowhead Stadium,"Kansas City, Missouri",2024-05-22 00:00:00+00:00,39.05237579345703,-94.48385620117188,74.5853042602539,52.715301513671875,0.0,0.0,13.30215835571289,27.291399002075195,317.4895935058594,3.0
AT&T Stadium,"Arlington, Texas",2024-05-16 00:00:00+00:00,32.75946044921875,-97.09112548828125,84.114501953125,66.56449890136719,0.21259842813014984,0.0,14.100198745727539,28.8572998046875,125.06521606445312,96.0
AT&T Stadium,"Arlington, Texas",2024-05-17 00:00:00+00:00,32.75946044921875,-97.09112548828125,82.58450317382812,62.51449966430664,0.0,0.0,9.712289810180664,20.356700897216797,254.3131103515625,3.0
AT&T Stadium,"Arlington, Texas",2024-05-18 00:00:00+00:00,32.75946044921875,-97.09112548828125,89.15449523925781,65.57450103759766,0.0,0.0,8.992629051208496,19.461898803710938,257.9693908691406,3.0
AT&T Stadium,"Arlington, Texas",2024-05-19 00:00:00+00:00,32.75946044921875,-97.09112548828125,88.97450256347656,70.07450103759766,0.0,0.0,12.18087100982666,18.79079818725586,147.5354766845703,96.0
AT&T Stadium,"Arlington, Texas",2024-05-20 00:00:00+00:00,32.75946044921875,-97.09112548828125,90.77449798583984,71.87449645996094,0.0,0.0,17.0070858001709,32.66020202636719,175.0178680419922,96.0
AT&T Stadium,"Arlington, Texas",2024-05-21 00:00:00+00:00,32.75946044921875,-97.09112548828125,95.72450256347656,73.49449920654297,0.0157480351626873,0.0,16.058170318603516,36.686798095703125,185.10903930664062,96.0
AT&T Stadium,"Arlington, Texas",2024-05-22 00:00:00+00:00,32.75946044921875,-97.09112548828125,86.09449768066406,70.614501953125,0.013779529370367527,0.0,10.16789722442627,36.239402770996094,97.0348892211914,96.0
Bank of America Stadium,"Charlotte, North Carolina",2024-05-16 00:00:00+00:00,35.2218132019043,-80.86431884765625,77.49320220947266,58.1431999206543,0.0,0.0,6.548719882965088,13.1983003616333,327.8896484375,45.0
Bank of America Stadium,"Charlotte, North Carolina",2024-05-17 00:00:00+00:00,35.2218132019043,-80.86431884765625,77.4031982421875,62.553199768066406,0.015748031437397003,0.0,5.5385518074035645,9.84280014038086,192.12094116210938,51.0
Bank of America Stadium,"Charlotte, North Carolina",2024-05-18 00:00:00+00:00,35.2218132019043,-80.86431884765625,71.73320007324219,64.92469787597656,0.413385808467865,0.0,9.745723724365234,21.027799606323242,171.52316284179688,81.0
Bank of America Stadium,"Charlotte, North Carolina",2024-05-19 00:00:00+00:00,35.2218132019043,-80.86431884765625,68.52470397949219,63.3046989440918,0.03937007859349251,0.0,10.362889289855957,21.475200653076172,16.858741760253906,81.0
Bank of America Stadium,"Charlotte, North Carolina",2024-05-20 00:00:00+00:00,35.2218132019043,-80.86431884765625,62.224700927734375,55.384700775146484,0.035433072596788406,0.0,11.211812019348145,24.15960121154785,24.53990364074707,51.0
Bank of America Stadium,"Charlotte, North Carolina",2024-05-21 00:00:00+00:00,35.2218132019043,-80.86431884765625,76.89469909667969,54.57469940185547,0.015748031437397003,0.0,8.81275749206543,14.540499687194824,29.414745330810547,51.0
Bank of America Stadium,"Charlotte, North Carolina",2024-05-22 00:00:00+00:00,35.2218132019043,-80.86431884765625,80.85469818115234,60.51469802856445,0.007874016650021076,0.0,8.608818054199219,18.343399047851562,208.75953674316406,51.0
Caesars Superdome,"New Orleans, Louisiana",2024-05-16 00:00:00+00:00,29.95652961730957,-90.07373046875,93.82279968261719,69.5228042602539,0.0,0.0,12.795952796936035,18.343399047851562,127.94900512695312,3.0
Caesars Superdome,"New Orleans, Louisiana",2024-05-17 00:00:00+00:00,29.95652961730957,-90.07373046875,85.0927963256836,68.53279876708984,0.19685038924217224,0.0,14.786214828491211,35.79199981689453,166.7226104736328,96.0
Caesars Superdome,"New Orleans, Louisiana",2024-05-18 00:00:00+00:00,29.95652961730957,-90.07373046875,90.90769958496094,67.9927978515625,0.4173228144645691,0.0,13.228597640991211,21.25149917602539,176.8995361328125,95.0
Caesars Superdome,"New Orleans, Louisiana",2024-05-19 00:00:00+00:00,29.95652961730957,-90.07373046875,86.7677001953125,73.2677001953125,0.021653546020388603,0.0,11.515661239624023,12.750899314880371,311.0257568359375,95.0
Caesars Superdome,"New Orleans, Louisiana",2024-05-20 00:00:00+00:00,29.95652961730957,-90.07373046875,93.96769714355469,74.52769470214844,0.0,0.0,11.530861854553223,12.750899314880371,30.622896194458008,0.0
Caesars Superdome,"New Orleans, Louisiana",2024-05-21 00:00:00+00:00,29.95652961730957,-90.07373046875,95.31770324707031,73.80770111083984,0.0,0.0,12.72536563873291,17.895999908447266,182.0529327392578,2.0
Caesars Superdome,"New Orleans, Louisiana",2024-05-22 00:00:00+00:00,29.95652961730957,-90.07373046875,96.93769836425781,75.69770050048828,0.0,0.0,13.2001953125,20.132999420166016,198.88397216796875,3.0
Cleveland Browns Stadium,"Cleveland, Ohio",2024-05-16 00:00:00+00:00,41.502296447753906,-81.70950317382812,65.52680206298828,52.83679962158203,0.0,0.0,10.963582992553711,21.475200653076172,7.370366096496582,3.0
Cleveland Browns Stadium,"Cleveland, Ohio",2024-05-17 00:00:00+00:00,41.502296447753906,-81.70950317382812,69.12680053710938,59.8568000793457,0.4291338324546814,0.0,9.53812313079834,14.987899780273438,140.77162170410156,63.0
Cleveland Browns Stadium,"Cleveland, Ohio",2024-05-18 00:00:00+00:00,41.502296447753906,-81.70950317382812,69.38059997558594,55.89680099487305,0.027559053152799606,0.0,3.829127311706543,9.84280014038086,51.132232666015625,80.0
Cleveland Browns Stadium,"Cleveland, Ohio",2024-05-19 00:00:00+00:00,41.502296447753906,-81.70950317382812,74.2406005859375,57.5005989074707,0.015748033300042152,0.0,6.10582160949707,11.184999465942383,101.40653228759766,51.0
Cleveland Browns Stadium,"Cleveland, Ohio",2024-05-20 00:00:00+00:00,41.502296447753906,-81.70950317382812,75.1406021118164,57.860599517822266,0.0,0.0,12.230069160461426,18.567100524902344,144.80862426757812,3.0
Cleveland Browns Stadium,"Cleveland, Ohio",2024-05-21 00:00:00+00:00,41.502296447753906,-81.70950317382812,76.94059753417969,60.200599670410156,0.0,0.0,13.96647834777832,23.93589973449707,164.36331176757812,3.0
Cleveland Browns Stadium,"Cleveland, Ohio",2024-05-22 00:00:00+00:00,41.502296447753906,-81.70950317382812,73.3405990600586,61.82060241699219,0.18897639214992523,0.0,19.624496459960938,32.8838996887207,213.07923889160156,80.0
Commanders Field,"Landover, Maryland",2024-05-16 00:00:00+00:00,38.919254302978516,-76.8765869140625,78.09259796142578,55.412601470947266,0.0,0.0,13.30215835571289,21.475200653076172,333.8750915527344,3.0
Commanders Field,"Landover, Maryland",2024-05-17 00:00:00+00:00,38.919254302978516,-76.8765869140625,72.33259582519531,57.392601013183594,0.0,0.0,11.805340766906738,18.343399047851562,59.11243438720703,3.0
Commanders Field,"Landover, Maryland",2024-05-18 00:00:00+00:00,38.919254302978516,-76.8765869140625,65.0426025390625,56.67259979248047,0.20078739523887634,0.0,8.905957221984863,16.330101013183594,105.88594055175781,61.0
Commanders Field,"Landover, Maryland",2024-05-19 00:00:00+00:00,38.919254302978516,-76.8765869140625,68.82620239257812,54.96620178222656,0.029527561739087105,0.0,10.737600326538086,15.882699966430664,84.14833068847656,51.0
Commanders Field,"Landover, Maryland",2024-05-20 00:00:00+00:00,38.919254302978516,-76.8765869140625,69.36620330810547,50.28620147705078,0.0,0.0,10.963582992553711,17.672300338745117,81.82884979248047,3.0
Commanders Field,"Landover, Maryland",2024-05-21 00:00:00+00:00,38.919254302978516,-76.8765869140625,72.96620178222656,48.12620162963867,0.0,0.0,8.003334999084473,9.84280014038086,95.96611785888672,3.0
Commanders Field,"Landover, Maryland",2024-05-22 00:00:00+00:00,38.919254302978516,-76.8765869140625,79.44620513916016,50.826202392578125,0.0,0.0,6.548719882965088,10.513899803161621,155.69178771972656,51.0
Empower Field at Mile High,"Denver, Colorado",2024-05-16 00:00:00+00:00,39.74470901489258,-105.02203369140625,76.32230377197266,47.79229736328125,0.29527559876441956,0.0,9.852962493896484,15.882699966430664,136.77154541015625,63.0
Empower Field at Mile High,"Denver, Colorado",2024-05-17 00:00:00+00:00,39.74470901489258,-105.02203369140625,85.68229675292969,48.692298889160156,0.0,0.0,13.091706275939941,19.01449966430664,201.20925903320312,3.0
Empower Field at Mile High,"Denver, Colorado",2024-05-18 00:00:00+00:00,39.74470901489258,-105.02203369140625,83.16230010986328,51.75230026245117,0.0,0.0,15.082755088806152,16.106399536132812,173.78456115722656,3.0
Empower Field at Mile High,"Denver, Colorado",2024-05-19 00:00:00+00:00,39.74470901489258,-105.02203369140625,81.38479614257812,56.36479949951172,0.2145669311285019,0.0,17.149198532104492,22.817399978637695,103.60448455810547,81.0
Empower Field at Mile High,"Denver, Colorado",2024-05-20 00:00:00+00:00,39.74470901489258,-105.02203369140625,81.74479675292969,58.52479934692383,0.0,0.0,13.588738441467285,26.8439998626709,88.21013641357422,3.0
Empower Field at Mile High,"Denver, Colorado",2024-05-21 00:00:00+00:00,39.74470901489258,-105.02203369140625,69.1447982788086,45.02479934692383,0.07283464074134827,0.0,21.070592880249023,35.344600677490234,65.07395935058594,53.0
Empower Field at Mile High,"Denver, Colorado",2024-05-22 00:00:00+00:00,39.74470901489258,-105.02203369140625,78.23480224609375,53.484798431396484,0.0,0.0,14.009407997131348,25.278100967407227,175.31591796875,3.0
EverBank Stadium,"Jacksonville, Florida",2024-05-16 00:00:00+00:00,30.32232666015625,-81.6444091796875,91.35680389404297,69.8468017578125,0.0,0.0,10.43507194519043,26.8439998626709,261.1220703125,96.0
EverBank Stadium,"Jacksonville, Florida",2024-05-17 00:00:00+00:00,30.32232666015625,-81.6444091796875,90.36680603027344,69.30680084228516,0.0,0.0,11.463397026062012,17.672300338745117,194.06588745117188,3.0
EverBank Stadium,"Jacksonville, Florida",2024-05-18 00:00:00+00:00,30.32232666015625,-81.6444091796875,100.4386978149414,74.52680206298828,0.0,0.0,17.615575790405273,22.146299362182617,234.82838439941406,96.0
EverBank Stadium,"Jacksonville, Florida",2024-05-19 00:00:00+00:00,30.32232666015625,-81.6444091796875,90.89869689941406,72.71870422363281,0.4074803292751312,0.0,22.76580238342285,29.08099937438965,228.87425231933594,96.0
EverBank Stadium,"Jacksonville, Florida",2024-05-20 00:00:00+00:00,30.32232666015625,-81.6444091796875,89.81869506835938,71.27870178222656,0.11811023950576782,0.0,12.40274715423584,20.580398559570312,309.0606384277344,81.0
EverBank Stadium,"Jacksonville, Florida",2024-05-21 00:00:00+00:00,30.32232666015625,-81.6444091796875,85.3187026977539,68.48870086669922,0.0,0.0,13.27956771850586,13.645699501037598,19.961109161376953,51.0
EverBank Stadium,"Jacksonville, Florida",2024-05-22 00:00:00+00:00,30.32232666015625,-81.6444091796875,94.31869506835938,70.19869995117188,0.0,0.0,10.026651382446289,12.974600791931152,70.70987701416016,3.0
Ford Field,"Detroit, Michigan",2024-05-16 00:00:00+00:00,42.35139465332031,-83.06134033203125,77.05850219726562,49.69850158691406,0.0,0.0,10.329030990600586,18.343399047851562,154.8407440185547,3.0
Ford Field,"Detroit, Michigan",2024-05-17 00:00:00+00:00,42.35139465332031,-83.06134033203125,75.70849609375,58.78850173950195,0.0,0.0,6.949117183685303,17.224899291992188,153.5264129638672,3.0
Ford Field,"Detroit, Michigan",2024-05-18 00:00:00+00:00,42.35139465332031,-83.06134033203125,78.15829467773438,59.32849884033203,0.003937008325010538,0.0,8.42075252532959,13.1983003616333,102.4095687866211,51.0
Ford Field,"Detroit, Michigan",2024-05-19 00:00:00+00:00,42.35139465332031,-83.06134033203125,79.95829772949219,60.51830291748047,0.0,0.0,8.142803192138672,10.066499710083008,93.84767150878906,3.0
Ford Field,"Detroit, Michigan",2024-05-20 00:00:00+00:00,42.35139465332031,-83.06134033203125,78.15829467773438,61.05829620361328,0.0,0.0,11.426230430603027,16.553800582885742,146.76609802246094,3.0
Ford Field,"Detroit, Michigan",2024-05-21 00:00:00+00:00,42.35139465332031,-83.06134033203125,81.93830108642578,65.3782958984375,0.0,0.0,14.344735145568848,27.962499618530273,174.23793029785156,3.0
Ford Field,"Detroit, Michigan",2024-05-22 00:00:00+00:00,42.35139465332031,-83.06134033203125,78.15829467773438,61.41830062866211,0.3779527544975281,0.0,13.876614570617676,33.107601165771484,256.7556457519531,61.0
Gillette Stadium,"Foxborough, Massachusetts",2024-05-16 00:00:00+00:00,42.096290588378906,-71.24447631835938,61.69190216064453,54.58190155029297,0.7716534733772278,0.0,13.091706275939941,34.449798583984375,36.3132209777832,63.0
Gillette Stadium,"Foxborough, Massachusetts",2024-05-17 00:00:00+00:00,42.096290588378906,-71.24447631835938,58.631900787353516,50.89189910888672,0.0,0.0,10.922426223754883,21.027799606323242,23.981630325317383,45.0
Gillette Stadium,"Foxborough, Massachusetts",2024-05-18 00:00:00+00:00,42.096290588378906,-71.24447631835938,63.989601135253906,46.75189971923828,0.0,0.0,11.39333724975586,18.119701385498047,37.222442626953125,45.0
Gillette Stadium,"Foxborough, Massachusetts",2024-05-19 00:00:00+00:00,42.096290588378906,-71.24447631835938,64.16960144042969,51.209598541259766,0.0,0.0,10.246339797973633,18.567100524902344,41.222747802734375,3.0
Gillette Stadium,"Foxborough, Massachusetts",2024-05-20 00:00:00+00:00,42.096290588378906,-71.24447631835938,67.22959899902344,47.60960006713867,0.0,0.0,7.651717185974121,14.987899780273438,50.57588577270508,3.0
Gillette Stadium,"Foxborough, Massachusetts",2024-05-21 00:00:00+00:00,42.096290588378906,-71.24447631835938,78.74960327148438,47.969600677490234,0.0,0.0,11.327262878417969,19.01449966430664,189.98680114746094,3.0
Gillette Stadium,"Foxborough, Massachusetts",2024-05-22 00:00:00+00:00,42.096290588378906,-71.24447631835938,73.79959869384766,47.15959930419922,0.0,0.0,12.098427772521973,19.909299850463867,193.94192504882812,1.0
Hard Rock Stadium,"Miami Gardens, Florida",2024-05-16 00:00:00+00:00,25.96895408630371,-80.24639892578125,98.09510803222656,82.07510375976562,0.21850396692752838,0.0,14.29581356048584,22.369998931884766,228.31378173828125,96.0
Hard Rock Stadium,"Miami Gardens, Florida",2024-05-17 00:00:00+00:00,25.96895408630371,-80.24639892578125,97.19510650634766,77.1250991821289,0.04330708831548691,0.0,14.999582290649414,23.93589973449707,211.23182678222656,96.0
Hard Rock Stadium,"Miami Gardens, Florida",2024-05-18 00:00:00+00:00,25.96895408630371,-80.24639892578125,94.58509826660156,76.67510223388672,0.0,0.0,18.277809143066406,22.146299362182617,162.26065063476562,96.0
Hard Rock Stadium,"Miami Gardens, Florida",2024-05-19 00:00:00+00:00,25.96895408630371,-80.24639892578125,94.22509765625,83.24510192871094,0.0,0.0,21.44371795654297,23.488500595092773,170.590087890625,96.0
Hard Rock Stadium,"Miami Gardens, Florida",2024-05-20 00:00:00+00:00,25.96895408630371,-80.24639892578125,99.44510650634766,82.7051010131836,0.0,0.0,20.010833740234375,20.804100036621094,241.45278930664062,96.0
Hard Rock Stadium,"Miami Gardens, Florida",2024-05-21 00:00:00+00:00,25.96895408630371,-80.24639892578125,96.92509460449219,79.46510314941406,0.0,0.0,17.119993209838867,21.475200653076172,288.2394714355469,2.0
Hard Rock Stadium,"Miami Gardens, Florida",2024-05-22 00:00:00+00:00,25.96895408630371,-80.24639892578125,95.48509979248047,79.64510345458984,0.0,0.0,16.014482498168945,15.43529987335205,295.38775634765625,3.0
Highmark Stadium,"Orchard Park, New York",2024-05-16 00:00:00+00:00,42.76495361328125,-78.79995727539062,74.96870422363281,59.30870056152344,0.0,0.0,9.223386764526367,19.909299850463867,26.565000534057617,45.0
Highmark Stadium,"Orchard Park, New York",2024-05-17 00:00:00+00:00,42.76495361328125,-78.79995727539062,71.27870178222656,61.10870361328125,1.4803149700164795,0.0,11.240785598754883,23.488500595092773,187.41458129882812,65.0
Highmark Stadium,"Orchard Park, New York",2024-05-18 00:00:00+00:00,42.76495361328125,-78.79995727539062,72.88700103759766,58.49869918823242,0.11220472306013107,0.0,9.017635345458984,12.303500175476074,18.14569854736328,61.0
Highmark Stadium,"Orchard Park, New York",2024-05-19 00:00:00+00:00,42.76495361328125,-78.79995727539062,72.88700103759766,55.7869987487793,0.015748033300042152,0.0,6.579214096069336,8.276900291442871,157.53472900390625,53.0
Highmark Stadium,"Orchard Park, New York",2024-05-20 00:00:00+00:00,42.76495361328125,-78.79995727539062,76.66699981689453,54.34700012207031,0.0,0.0,5.663631439208984,8.053199768066406,197.04718017578125,51.0
Highmark Stadium,"Orchard Park, New York",2024-05-21 00:00:00+00:00,42.76495361328125,-78.79995727539062,77.0270004272461,53.71699905395508,0.0,0.0,11.625945091247559,31.09429931640625,192.511962890625,2.0
Highmark Stadium,"Orchard Park, New York",2024-05-22 00:00:00+00:00,42.76495361328125,-78.79995727539062,68.74700164794922,61.99700164794922,0.10039370507001877,0.0,15.109273910522461,31.989099502563477,190.89332580566406,96.0
Lambeau Field,"Green Bay, Wisconsin",2024-05-16 00:00:00+00:00,44.50524139404297,-88.04940795898438,63.78980255126953,45.069801330566406,0.015748031437397003,0.0,6.967096328735352,11.632399559020996,16.200775146484375,51.0
Lambeau Field,"Green Bay, Wisconsin",2024-05-17 00:00:00+00:00,44.50524139404297,-88.04940795898438,76.47979736328125,52.8098030090332,0.0,0.0,8.905957221984863,11.856100082397461,227.2457275390625,45.0
Lambeau Field,"Green Bay, Wisconsin",2024-05-18 00:00:00+00:00,44.50524139404297,-88.04940795898438,76.31420135498047,54.879798889160156,0.0,0.0,11.205114364624023,16.77750015258789,179.1283721923828,0.0
Lambeau Field,"Green Bay, Wisconsin",2024-05-19 00:00:00+00:00,44.50524139404297,-88.04940795898438,72.17420196533203,60.47419738769531,0.013779528439044952,0.0,8.727168083190918,17.895999908447266,9.162457466125488,51.0
Lambeau Field,"Green Bay, Wisconsin",2024-05-20 00:00:00+00:00,44.50524139404297,-88.04940795898438,75.77420043945312,55.97419738769531,0.2421259880065918,0.0,18.898347854614258,33.107601165771484,153.2171630859375,81.0
Lambeau Field,"Green Bay, Wisconsin",2024-05-21 00:00:00+00:00,44.50524139404297,-88.04940795898438,72.44419860839844,61.73419952392578,0.2696850299835205,0.0,21.479860305786133,26.8439998626709,185.8896026611328,80.0
Lambeau Field,"Green Bay, Wisconsin",2024-05-22 00:00:00+00:00,44.50524139404297,-88.04940795898438,66.9542007446289,51.38420104980469,0.05511811003088951,0.0,20.25689697265625,29.975799560546875,274.5475158691406,55.0
Levi's Stadium,"Santa Clara, California",2024-05-16 00:00:00+00:00,37.411502838134766,-121.97308349609375,70.14830017089844,56.468299865722656,0.0,0.0,13.667685508728027,17.224899291992188,344.9098815917969,3.0
Levi's Stadium,"Santa Clara, California",2024-05-17 00:00:00+00:00,37.411502838134766,-121.97308349609375,69.6082992553711,52.598297119140625,0.0,0.0,12.76658821105957,17.00119972229004,347.78533935546875,3.0
Levi's Stadium,"Santa Clara, California",2024-05-18 00:00:00+00:00,37.411502838134766,-121.97308349609375,81.60710144042969,50.52830123901367,0.0,0.0,13.27956771850586,16.553800582885742,336.73065185546875,3.0
Levi's Stadium,"Santa Clara, California",2024-05-19 00:00:00+00:00,37.411502838134766,-121.97308349609375,78.36710357666016,53.70709991455078,0.0,0.0,13.215351104736328,12.079800605773926,283.441162109375,3.0
Levi's Stadium,"Santa Clara, California",2024-05-20 00:00:00+00:00,37.411502838134766,-121.97308349609375,78.72709655761719,51.18709945678711,0.0,0.0,12.719464302062988,13.1983003616333,272.6665954589844,3.0
Levi's Stadium,"Santa Clara, California",2024-05-21 00:00:00+00:00,37.411502838134766,-121.97308349609375,81.06710052490234,58.027099609375,0.0,0.0,13.320954322814941,14.987899780273438,306.72869873046875,3.0
Levi's Stadium,"Santa Clara, California",2024-05-22 00:00:00+00:00,37.411502838134766,-121.97308349609375,71.16709899902344,55.95709991455078,0.0,0.0,12.479172706604004,15.882699966430664,282.99462890625,3.0
Lincoln Financial Field,"Philadelphia, Pennsylvania",2024-05-16 00:00:00+00:00,39.909507751464844,-75.17230224609375,65.71849822998047,60.31850051879883,0.0,0.0,13.42199993133545,30.199499130249023,343.4593811035156,3.0
Lincoln Financial Field,"Philadelphia, Pennsylvania",2024-05-17 00:00:00+00:00,39.909507751464844,-75.17230224609375,67.87849426269531,59.41849899291992,0.0,0.0,9.223386764526367,23.041099548339844,35.93081283569336,3.0
Lincoln Financial Field,"Philadelphia, Pennsylvania",2024-05-18 00:00:00+00:00,39.909507751464844,-75.17230224609375,67.04060363769531,54.558502197265625,0.0,0.0,5.803279876708984,11.632399559020996,108.43502044677734,3.0
Lincoln Financial Field,"Philadelphia, Pennsylvania",2024-05-19 00:00:00+00:00,39.909507751464844,-75.17230224609375,74.60060119628906,55.16059875488281,0.0,0.0,10.22433853149414,10.513899803161621,101.47547149658203,3.0
Lincoln Financial Field,"Philadelphia, Pennsylvania",2024-05-20 00:00:00+00:00,39.909507751464844,-75.17230224609375,75.1406021118164,53.54059982299805,0.0,0.0,10.088845252990723,11.856100082397461,85.5155029296875,3.0
Lincoln Financial Field,"Philadelphia, Pennsylvania",2024-05-21 00:00:00+00:00,39.909507751464844,-75.17230224609375,79.28060150146484,54.44060134887695,0.0,0.0,9.574777603149414,13.1983003616333,119.95186614990234,0.0
Lincoln Financial Field,"Philadelphia, Pennsylvania",2024-05-22 00:00:00+00:00,39.909507751464844,-75.17230224609375,79.73059844970703,53.270599365234375,0.0,0.0,9.637290954589844,14.093100547790527,172.53953552246094,2.0
Lucas Oil Stadium,"Indianapolis, Indiana",2024-05-16 00:00:00+00:00,39.77006149291992,-86.17880249023438,74.65190124511719,57.281898498535156,0.0,0.0,7.449579238891602,11.856100082397461,250.1447296142578,3.0
Lucas Oil Stadium,"Indianapolis, Indiana",2024-05-17 00:00:00+00:00,39.77006149291992,-86.17880249023438,73.93190002441406,63.94190216064453,0.11417322605848312,0.0,9.323219299316406,22.817399978637695,211.4165496826172,63.0
Lucas Oil Stadium,"Indianapolis, Indiana",2024-05-18 00:00:00+00:00,39.77006149291992,-86.17880249023438,71.50189971923828,62.411903381347656,0.009842520579695702,0.0,8.003334999084473,10.961299896240234,128.11361694335938,55.0
Lucas Oil Stadium,"Indianapolis, Indiana",2024-05-19 00:00:00+00:00,39.77006149291992,-86.17880249023438,82.79419708251953,61.91420364379883,0.001968504162505269,0.0,8.385021209716797,10.737600326538086,37.732181549072266,51.0
Lucas Oil Stadium,"Indianapolis, Indiana",2024-05-20 00:00:00+00:00,39.77006149291992,-86.17880249023438,81.89419555664062,63.89419937133789,0.0,0.0,8.80423641204834,18.343399047851562,124.21209716796875,3.0
Lucas Oil Stadium,"Indianapolis, Indiana",2024-05-21 00:00:00+00:00,39.77006149291992,-86.17880249023438,85.13420104980469,66.6842041015625,0.0,0.0,13.45923137664795,22.146299362182617,181.6035614013672,96.0
Lucas Oil Stadium,"Indianapolis, Indiana",2024-05-22 00:00:00+00:00,39.77006149291992,-86.17880249023438,79.55419921875,60.654197692871094,0.023622047156095505,0.0,19.192625045776367,33.55500030517578,274.6803283691406,96.0
Lumen Field,"Seattle, Washington",2024-05-16 00:00:00+00:00,47.59556198120117,-122.32441711425781,74.58799743652344,51.81800079345703,0.023622049018740654,0.0,21.412193298339844,33.55500030517578,203.21495056152344,51.0
Lumen Field,"Seattle, Washington",2024-05-17 00:00:00+00:00,47.59556198120117,-122.32441711425781,63.428001403808594,43.71800231933594,0.0,0.0,16.608123779296875,27.06770133972168,194.08831787109375,3.0
Lumen Field,"Seattle, Washington",2024-05-18 00:00:00+00:00,47.59556198120117,-122.32441711425781,57.9379997253418,46.331600189208984,0.10039369761943817,0.0011023622937500477,9.8529634475708,16.553800582885742,102.33112335205078,55.0
Lumen Field,"Seattle, Washington",2024-05-19 00:00:00+00:00,47.59556198120117,-122.32441711425781,61.991600036621094,41.29159927368164,0.07677165418863297,0.0,8.97313117980957,15.211600303649902,173.70606994628906,55.0
Lumen Field,"Seattle, Washington",2024-05-20 00:00:00+00:00,47.59556198120117,-122.32441711425781,65.23159790039062,44.351600646972656,0.0,0.0,6.491156101226807,8.50059986114502,131.89828491210938,3.0
Lumen Field,"Seattle, Washington",2024-05-21 00:00:00+00:00,47.59556198120117,-122.32441711425781,65.95159912109375,49.3916015625,0.09055118262767792,0.0,13.835081100463867,24.15960121154785,196.7503662109375,51.0
Lumen Field,"Seattle, Washington",2024-05-22 00:00:00+00:00,47.59556198120117,-122.32441711425781,58.03160095214844,44.261600494384766,0.0,0.0,8.634936332702637,22.369998931884766,295.8954162597656,3.0
M&T Bank Stadium,"Baltimore, Maryland",2024-05-16 00:00:00+00:00,39.28954315185547,-76.62448120117188,77.18720245361328,57.92720031738281,0.0,0.0,14.379578590393066,23.93589973449707,335.8097229003906,3.0
M&T Bank Stadium,"Baltimore, Maryland",2024-05-17 00:00:00+00:00,39.28954315185547,-76.62448120117188,70.34719848632812,57.74720001220703,0.0,0.0,10.362889289855957,17.00119972229004,51.241912841796875,3.0
M&T Bank Stadium,"Baltimore, Maryland",2024-05-18 00:00:00+00:00,39.28954315185547,-76.62448120117188,64.40719604492188,57.83720016479492,0.27559053897857666,0.0,8.640728950500488,15.659000396728516,113.6756362915039,61.0
M&T Bank Stadium,"Baltimore, Maryland",2024-05-19 00:00:00+00:00,39.28954315185547,-76.62448120117188,71.21389770507812,56.993900299072266,0.0,0.0,10.26585578918457,14.987899780273438,102.27789306640625,3.0
M&T Bank Stadium,"Baltimore, Maryland",2024-05-20 00:00:00+00:00,39.28954315185547,-76.62448120117188,72.4738998413086,52.85390090942383,0.0,0.0,9.936409950256348,14.987899780273438,95.6006851196289,3.0
M&T Bank Stadium,"Baltimore, Maryland",2024-05-21 00:00:00+00:00,39.28954315185547,-76.62448120117188,73.55389404296875,53.393898010253906,0.0,0.0,7.915313720703125,12.750899314880371,113.03590393066406,0.0
M&T Bank Stadium,"Baltimore, Maryland",2024-05-22 00:00:00+00:00,39.28954315185547,-76.62448120117188,79.493896484375,55.19390106201172,0.0,0.0,7.908989429473877,13.1983003616333,143.13003540039062,51.0
Mercedes-Benz Stadium,"Atlanta, Georgia",2024-05-16 00:00:00+00:00,33.759864807128906,-84.3958740234375,84.0667953491211,61.29679870605469,0.0,0.0,10.559019088745117,18.119701385498047,298.5958557128906,1.0
Mercedes-Benz Stadium,"Atlanta, Georgia",2024-05-17 00:00:00+00:00,33.759864807128906,-84.3958740234375,78.48680114746094,65.25679779052734,0.6377952694892883,0.0,7.826303482055664,17.00119972229004,108.32652282714844,65.0
Mercedes-Benz Stadium,"Atlanta, Georgia",2024-05-18 00:00:00+00:00,33.759864807128906,-84.3958740234375,76.71110534667969,67.71110534667969,0.22047244012355804,0.0,10.0166654586792,25.949201583862305,216.904541015625,81.0
Mercedes-Benz Stadium,"Atlanta, Georgia",2024-05-19 00:00:00+00:00,33.759864807128906,-84.3958740234375,84.09110260009766,65.19110107421875,0.039370082318782806,0.0,11.39333724975586,14.316800117492676,277.8000793457031,55.0
Mercedes-Benz Stadium,"Atlanta, Georgia",2024-05-20 00:00:00+00:00,33.759864807128906,-84.3958740234375,79.41110229492188,61.411102294921875,0.0,0.0,10.049086570739746,21.92259979248047,66.89051055908203,3.0
Mercedes-Benz Stadium,"Atlanta, Georgia",2024-05-21 00:00:00+00:00,33.759864807128906,-84.3958740234375,85.3510971069336,61.32109832763672,0.0,0.0,9.845341682434082,13.645699501037598,99.36381530761719,3.0
Mercedes-Benz Stadium,"Atlanta, Georgia",2024-05-22 00:00:00+00:00,33.759864807128906,-84.3958740234375,84.81110382080078,67.3510971069336,0.041338589042425156,0.0,10.69323444366455,19.461898803710938,199.93682861328125,53.0
MetLife Stadium,"East Rutherford, New Jersey",2024-05-16 00:00:00+00:00,40.808990478515625,-74.0694580078125,63.476600646972656,59.24660110473633,0.17716535925865173,0.0,15.270700454711914,33.55500030517578,6.016240119934082,61.0
MetLife Stadium,"East Rutherford, New Jersey",2024-05-17 00:00:00+00:00,40.808990478515625,-74.0694580078125,73.46659851074219,57.44660186767578,0.0,0.0,12.319758415222168,21.69890022277832,43.020809173583984,3.0
MetLife Stadium,"East Rutherford, New Jersey",2024-05-18 00:00:00+00:00,40.808990478515625,-74.0694580078125,72.65570068359375,55.10660171508789,0.0,0.0,7.658254623413086,11.408699989318848,130.70730590820312,3.0
MetLife Stadium,"East Rutherford, New Jersey",2024-05-19 00:00:00+00:00,40.808990478515625,-74.0694580078125,74.095703125,56.99570083618164,0.0,0.0,11.184999465942383,11.184999465942383,150.95565795898438,3.0
MetLife Stadium,"East Rutherford, New Jersey",2024-05-20 00:00:00+00:00,40.808990478515625,-74.0694580078125,74.45570373535156,55.91569900512695,0.0,0.0,11.44373607635498,11.632399559020996,129.15953063964844,3.0
MetLife Stadium,"East Rutherford, New Jersey",2024-05-21 00:00:00+00:00,40.808990478515625,-74.0694580078125,72.29570007324219,55.82570266723633,0.0,0.0,11.144660949707031,13.869399070739746,178.06570434570312,0.0
MetLife Stadium,"East Rutherford, New Jersey",2024-05-22 00:00:00+00:00,40.808990478515625,-74.0694580078125,72.92569732666016,56.27570343017578,0.0,0.0,11.364752769470215,15.43529987335205,172.5363006591797,3.0
Nissan Stadium,"Nashville, Tennessee",2024-05-16 00:00:00+00:00,36.158023834228516,-86.76492309570312,79.43720245361328,61.257198333740234,0.0,0.0,6.502708911895752,14.764199256896973,245.44451904296875,45.0
Nissan Stadium,"Nashville, Tennessee",2024-05-17 00:00:00+00:00,36.158023834228516,-86.76492309570312,76.28720092773438,65.66719818115234,0.07874015718698502,0.0,7.109297275543213,14.093100547790527,92.41096496582031,51.0
Nissan Stadium,"Nashville, Tennessee",2024-05-18 00:00:00+00:00,36.158023834228516,-86.76492309570312,75.99649810791016,62.787200927734375,0.04527559131383896,0.0,9.564318656921387,17.00119972229004,225.74636840820312,55.0
Nissan Stadium,"Nashville, Tennessee",2024-05-19 00:00:00+00:00,36.158023834228516,-86.76492309570312,76.35649871826172,61.596500396728516,0.011811025440692902,0.0,10.155586242675781,17.00119972229004,326.4011535644531,51.0
Nissan Stadium,"Nashville, Tennessee",2024-05-20 00:00:00+00:00,36.158023834228516,-86.76492309570312,86.79649353027344,64.11650085449219,0.0,0.0,4.7030229568481445,13.869399070739746,2.954512357711792,3.0
Nissan Stadium,"Nashville, Tennessee",2024-05-21 00:00:00+00:00,36.158023834228516,-86.76492309570312,85.26649475097656,68.34649658203125,0.0,0.0,11.049964904785156,21.475200653076172,187.9757080078125,3.0
Nissan Stadium,"Nashville, Tennessee",2024-05-22 00:00:00+00:00,36.158023834228516,-86.76492309570312,80.49649810791016,70.59649658203125,0.011811024509370327,0.0,10.841952323913574,31.54170036315918,230.74171447753906,96.0
NRG Stadium,"Houston, Texas",2024-05-16 00:00:00+00:00,29.688457489013672,-95.41799926757812,88.06190490722656,72.58190155029297,0.05511811003088951,0.0,15.6270112991333,32.8838996887207,139.41348266601562,96.0
NRG Stadium,"Houston, Texas",2024-05-17 00:00:00+00:00,29.688457489013672,-95.41799926757812,79.60189819335938,69.88189697265625,0.5354330539703369,0.0,25.003416061401367,44.73999786376953,30.823814392089844,96.0
NRG Stadium,"Houston, Texas",2024-05-18 00:00:00+00:00,29.688457489013672,-95.41799926757812,93.37190246582031,68.08190155029297,0.003937008325010538,0.0,9.712289810180664,16.553800582885742,240.7320556640625,95.0
NRG Stadium,"Houston, Texas",2024-05-19 00:00:00+00:00,29.688457489013672,-95.41799926757812,93.91190338134766,73.03189849853516,0.0,0.0,7.519781112670898,12.303500175476074,78.26144409179688,0.0
NRG Stadium,"Houston, Texas",2024-05-20 00:00:00+00:00,29.688457489013672,-95.41799926757812,91.93190002441406,73.21189880371094,0.0,0.0,10.61102294921875,19.68560028076172,155.2657012939453,0.0
NRG Stadium,"Houston, Texas",2024-05-21 00:00:00+00:00,29.688457489013672,-95.41799926757812,93.73190307617188,75.01190185546875,0.0,0.0,13.228597640991211,23.041099548339844,160.3651580810547,3.0
NRG Stadium,"Houston, Texas",2024-05-22 00:00:00+00:00,29.688457489013672,-95.41799926757812,91.93190002441406,75.55189514160156,0.0,0.0,12.125282287597656,23.041099548339844,140.85836791992188,3.0
Paycor Stadium,"Cincinnati, Ohio",2024-05-16 00:00:00+00:00,39.08454513549805,-84.53512573242188,79.65589904785156,57.605899810791016,0.0,0.0,8.704200744628906,18.119701385498047,301.2715148925781,45.0
Paycor Stadium,"Cincinnati, Ohio",2024-05-17 00:00:00+00:00,39.08454513549805,-84.53512573242188,76.14590454101562,64.26589965820312,0.07086614519357681,0.0,12.54516315460205,28.40989875793457,229.7112274169922,53.0
Paycor Stadium,"Cincinnati, Ohio",2024-05-18 00:00:00+00:00,39.08454513549805,-84.53512573242188,71.1958999633789,62.992401123046875,0.04330708459019661,0.0,6.847558975219727,15.882699966430664,130.52780151367188,55.0
Paycor Stadium,"Cincinnati, Ohio",2024-05-19 00:00:00+00:00,39.08454513549805,-84.53512573242188,76.13240051269531,63.35240173339844,0.027559053152799606,0.0,7.002917289733887,14.764199256896973,42.04197692871094,81.0
Paycor Stadium,"Cincinnati, Ohio",2024-05-20 00:00:00+00:00,39.08454513549805,-84.53512573242188,80.8124008178711,59.5723991394043,0.0,0.0,6.891266822814941,16.553800582885742,105.13685607910156,53.0
Paycor Stadium,"Cincinnati, Ohio",2024-05-21 00:00:00+00:00,39.08454513549805,-84.53512573242188,84.59239959716797,60.29240036010742,0.0,0.0,9.888450622558594,17.00119972229004,181.9786834716797,96.0
Paycor Stadium,"Cincinnati, Ohio",2024-05-22 00:00:00+00:00,39.08454513549805,-84.53512573242188,77.57240295410156,67.04240417480469,0.029527565464377403,0.0,14.156869888305664,32.8838996887207,255.69776916503906,96.0
Raymond James Stadium,"Tampa, Florida",2024-05-16 00:00:00+00:00,27.964216232299805,-82.50326538085938,88.71170043945312,74.49169921875,0.0,0.0,11.015947341918945,17.895999908447266,257.1031799316406,96.0
Raymond James Stadium,"Tampa, Florida",2024-05-17 00:00:00+00:00,27.964216232299805,-82.50326538085938,90.42170715332031,71.52169799804688,0.0,0.0,12.025825500488281,17.00119972229004,226.85232543945312,96.0
Raymond James Stadium,"Tampa, Florida",2024-05-18 00:00:00+00:00,27.964216232299805,-82.50326538085938,94.01000213623047,72.96170043945312,0.0,0.0,17.854007720947266,17.895999908447266,223.0133056640625,96.0
Raymond James Stadium,"Tampa, Florida",2024-05-19 00:00:00+00:00,27.964216232299805,-82.50326538085938,91.12999725341797,78.52999877929688,0.017716538161039352,0.0,19.11031723022461,24.15960121154785,231.76084899902344,96.0
Raymond James Stadium,"Tampa, Florida",2024-05-20 00:00:00+00:00,27.964216232299805,-82.50326538085938,89.51000213623047,76.7300033569336,0.11023622751235962,0.0,16.695276260375977,23.712200164794922,262.1011962890625,96.0
Raymond James Stadium,"Tampa, Florida",2024-05-21 00:00:00+00:00,27.964216232299805,-82.50326538085938,91.58000183105469,74.20999908447266,0.0,0.0,14.602316856384277,16.553800582885742,296.4952697753906,0.0
Raymond James Stadium,"Tampa, Florida",2024-05-22 00:00:00+00:00,27.964216232299805,-82.50326538085938,91.76000213623047,72.58999633789062,0.0,0.0,13.251275062561035,14.316800117492676,286.0816345214844,3.0
SoFi Stadium,"Inglewood, California",2024-05-16 00:00:00+00:00,33.957515716552734,-118.33903503417969,67.47889709472656,58.92890167236328,0.0,0.0,9.461742401123047,11.408699989318848,256.433837890625,3.0
SoFi Stadium,"Inglewood, California",2024-05-17 00:00:00+00:00,33.957515716552734,-118.33903503417969,67.20890045166016,57.66889953613281,0.0,0.0,9.215245246887207,11.408699989318848,237.71710205078125,3.0
SoFi Stadium,"Inglewood, California",2024-05-18 00:00:00+00:00,33.957515716552734,-118.33903503417969,67.67150115966797,54.42890167236328,0.0,0.0,13.091706275939941,9.619100570678711,221.32225036621094,45.0
SoFi Stadium,"Inglewood, California",2024-05-19 00:00:00+00:00,33.957515716552734,-118.33903503417969,63.35150146484375,56.33150100708008,0.0,0.0,14.012978553771973,9.84280014038086,238.3717041015625,3.0
SoFi Stadium,"Inglewood, California",2024-05-20 00:00:00+00:00,33.957515716552734,-118.33903503417969,66.05149841308594,57.77149963378906,0.0,0.0,13.935989379882812,10.290199279785156,187.6067657470703,3.0
SoFi Stadium,"Inglewood, California",2024-05-21 00:00:00+00:00,33.957515716552734,-118.33903503417969,63.98149871826172,58.131500244140625,0.0,0.0,12.924363136291504,8.276900291442871,234.21507263183594,2.0
SoFi Stadium,"Inglewood, California",2024-05-22 00:00:00+00:00,33.957515716552734,-118.33903503417969,67.49150085449219,59.21149826049805,0.0,0.0,11.004585266113281,8.50059986114502,188.64820861816406,3.0
Soldier Field,"Chicago, Illinois",2024-05-16 00:00:00+00:00,41.87948226928711,-87.64974975585938,76.89830017089844,49.17829895019531,0.15748031437397003,0.0,16.478052139282227,28.63360023498535,187.7155303955078,63.0
Soldier Field,"Chicago, Illinois",2024-05-17 00:00:00+00:00,41.87948226928711,-87.64974975585938,69.15829467773438,59.07830047607422,0.0,0.0,8.441526412963867,12.750899314880371,219.50750732421875,3.0
Soldier Field,"Chicago, Illinois",2024-05-18 00:00:00+00:00,41.87948226928711,-87.64974975585938,73.62319946289062,51.33829879760742,0.0,0.0,8.849589347839355,10.290199279785156,80.5961685180664,45.0
Soldier Field,"Chicago, Illinois",2024-05-19 00:00:00+00:00,41.87948226928711,-87.64974975585938,72.9031982421875,60.303199768066406,0.0,0.0,8.50354290008545,9.84280014038086,67.75618743896484,45.0
Soldier Field,"Chicago, Illinois",2024-05-20 00:00:00+00:00,41.87948226928711,-87.64974975585938,83.34320068359375,54.18320083618164,0.0,0.0,11.891921997070312,20.804100036621094,152.46949768066406,45.0
Soldier Field,"Chicago, Illinois",2024-05-21 00:00:00+00:00,41.87948226928711,-87.64974975585938,82.533203125,67.6832046508789,0.04527559131383896,0.0,15.363809585571289,23.041099548339844,199.314453125,96.0
Soldier Field,"Chicago, Illinois",2024-05-22 00:00:00+00:00,41.87948226928711,-87.64974975585938,74.52320098876953,55.713199615478516,0.05708661675453186,0.0,12.670190811157227,32.66020202636719,291.4658203125,96.0
State Farm Stadium,"Glendale, Arizona",2024-05-16 00:00:00+00:00,33.52082061767578,-112.27157592773438,94.81640625,71.77639770507812,0.05511811003088951,0.0,24.002708435058594,31.31800079345703,262.015869140625,61.0
State Farm Stadium,"Glendale, Arizona",2024-05-17 00:00:00+00:00,33.52082061767578,-112.27157592773438,99.85639953613281,67.36640167236328,0.0,0.0,13.31156063079834,26.620298385620117,222.25909423828125,0.0
State Farm Stadium,"Glendale, Arizona",2024-05-18 00:00:00+00:00,33.52082061767578,-112.27157592773438,98.92399597167969,68.806396484375,0.0,0.0,17.947656631469727,20.356700897216797,227.7393798828125,3.0
State Farm Stadium,"Glendale, Arizona",2024-05-19 00:00:00+00:00,33.52082061767578,-112.27157592773438,97.48400115966797,76.24400329589844,0.0,0.0,18.36112403869629,21.027799606323242,230.79733276367188,0.0
State Farm Stadium,"Glendale, Arizona",2024-05-20 00:00:00+00:00,33.52082061767578,-112.27157592773438,96.40400695800781,75.70399475097656,0.0,0.0,16.909706115722656,23.93589973449707,229.7700958251953,0.0
State Farm Stadium,"Glendale, Arizona",2024-05-21 00:00:00+00:00,33.52082061767578,-112.27157592773438,93.2540054321289,73.18399810791016,0.0,0.0,19.31607437133789,22.369998931884766,239.40264892578125,0.0
State Farm Stadium,"Glendale, Arizona",2024-05-22 00:00:00+00:00,33.52082061767578,-112.27157592773438,95.23400115966797,77.86399841308594,0.0,0.0,13.601622581481934,13.869399070739746,247.50100708007812,1.0
U.S. Bank Stadium,"Minneapolis, Minnesota",2024-05-16 00:00:00+00:00,44.96949005126953,-93.26296997070312,70.17169952392578,56.13169860839844,0.06496063619852066,0.0,10.312060356140137,25.501798629760742,226.5530242919922,55.0
U.S. Bank Stadium,"Minneapolis, Minnesota",2024-05-17 00:00:00+00:00,44.96949005126953,-93.26296997070312,85.4717025756836,52.891700744628906,0.0,0.0,13.907232284545898,21.475200653076172,189.5609130859375,3.0
U.S. Bank Stadium,"Minneapolis, Minnesota",2024-05-18 00:00:00+00:00,44.96949005126953,-93.26296997070312,83.76170349121094,64.05169677734375,0.0,0.0,14.276546478271484,38.25270080566406,214.71864318847656,3.0
U.S. Bank Stadium,"Minneapolis, Minnesota",2024-05-19 00:00:00+00:00,44.96949005126953,-93.26296997070312,74.69869995117188,57.958702087402344,0.0,0.0,10.927005767822266,15.882699966430664,201.3534393310547,3.0
U.S. Bank Stadium,"Minneapolis, Minnesota",2024-05-20 00:00:00+00:00,44.96949005126953,-93.26296997070312,75.05870056152344,58.49869918823242,0.031496066600084305,0.0,10.343555450439453,32.66020202636719,161.56494140625,80.0
U.S. Bank Stadium,"Minneapolis, Minnesota",2024-05-21 00:00:00+00:00,44.96949005126953,-93.26296997070312,73.61869812011719,50.128700256347656,0.46653544902801514,0.0,15.511300086975098,39.818599700927734,337.6792907714844,63.0
U.S. Bank Stadium,"Minneapolis, Minnesota",2024-05-22 00:00:00+00:00,44.96949005126953,-93.26296997070312,70.73870086669922,52.378700256347656,0.0,0.0,10.329030990600586,40.48970031738281,283.4078674316406,2.0
